id,Nombre de usuario,Email,Contraseña
1,JohnDoe,johndoe@example.com,passw0rd1
2,EmilySmith,emilysmith@example.com,passw0rd2
3,DavidJohnson,davidjohnson@example.com,passw0rd3
4,SarahWilliams,sarahwilliams@example.com,passw0rd4
5,MichaelBrown,michaelbrown@example.com,passw0rd5
6,JenniferLee,jenniferlee@example.com,passw0rd6
7,ChristopherTaylor,christophertaylor@example.com,passw0rd7
8,JessicaDavis,jessicadavis@example.com,passw0rd8
9,MatthewMiller,matthewmiller@example.com,passw0rd9
10,OliviaAnderson,oliviaanderson@example.com,passw0rd10
11,AndrewThomas,andrewthomas@example.com,passw0rd11
12,SophiaWilson,sophiawilson@example.com,passw0rd12
13,JamesClark,jamesclark@example.com,passw0rd13
14,AvaMoore,avamoore@example.com,passw0rd14
15,BenjaminYoung,benjaminyoung@example.com,passw0rd15
16,MiaWalker,miawalker@example.com,passw0rd16
17,EthanHall,ethanhall@example.com,passw0rd17
18,IsabellaAllen,isabellaallen@example.com,passw0rd18
19,JacobGonzalez,jacobgonzalez@example.com,passw0rd19
20,ElizabethScott,elizabethscott@example.com,passw0rd20
21,WilliamGreen,williamgreen@example.com,passw0rd21
22,SophiaLewis,sophialewis@example.com,passw0rd22
23,AlexanderKing,alexanderking@example.com,passw0rd23
24,GraceHill,gracehill@example.com,passw0rd24
25,DanielWard,danielward@example.com,passw0rd25
26,LilyTurner,lilyturner@example.com,passw0rd26
27,JacksonMorgan,jacksonmorgan@example.com,passw0rd27
28,VictoriaYoung,victoriayoung@example.com,passw0rd28
29,SamuelLee,samuellee@example.com,passw0rd29
30,NatalieBrown,nataliebrown@example.com,passw0rd30
31,RyanHernandez,ryanhernandez@example.com,passw0rd31
32,GraceMitchell,gracemitchell@example.com,passw0rd32
33,AndrewWard,andrewward@example.com,passw0rd33
34,AvaCole,avacole@example.com,passw0rd34
35,WilliamReed,williamreed@example.com,passw0rd35
36,EmilyHill,emilyhill@example.com,passw0rd36
37,DanielTurner,danielturner@example.com,passw0rd37
38,OliviaCox,oliviacox@example.com,passw0rd38
39,BenjaminPowell,benjaminpowell@example.com,passw0rd39
40,HarperScott,harperscott@example.com,passw0rd40
41,SamuelMiller,samuelmiller@example.com,passw0rd41
42,AvaWilson,avawilson@example.com,passw0rd42
43,SophiaThompson,sophiathompson@example.com,passw0rd43
44,EthanGonzalez,ethangonzalez@example.com,passw0rd44
45,MiaAllen,miaallen@example.com,passw0rd45
46,AlexanderBaker,alexanderbaker@example.com,passw0rd46
47,EmilyPerez,emilyperez@example.com,passw0rd47
48,JamesCook,jamescook@example.com,passw0rd48
49,IsabellaBennett,isabellabennett@example.com,passw0rd49
50,DavidFoster,davidfoster@example.com,passw0rd50
